order_date,order_id,product,quantity,unit_price,sales_amount
2025-01-01,ORD00447,Product A,6,19.99,119.94
2025-01-02,ORD00264,Product A,5,149.99,749.95
2025-01-02,ORD00207,Product A,1,149.99,149.99
2025-01-02,ORD00064,Product A,8,149.99,1199.92
2025-01-04,ORD00497,Product B,3,19.99,59.97
2025-01-04,ORD00326,Product C,8,19.99,159.92
2025-01-05,ORD00129,Product A,7,29.99,209.92999999999998
2025-01-05,ORD00416,Product E,7,29.99,209.92999999999998
2025-01-06,ORD00335,Product B,2,29.99,59.98
2025-01-09,ORD00098,Product A,9,19.99,179.91
2025-01-09,ORD00270,Product B,1,19.99,19.99
2025-01-10,ORD00485,Product D,8,99.99,799.92
2025-01-13,ORD00152,Product E,2,19.99,39.98
2025-01-13,ORD00379,Product A,2,19.99,39.98
2025-01-14,ORD00051,Product A,8,49.99,399.92
2025-01-15,ORD00135,Product D,6,19.99,119.94
2025-01-15,ORD00093,Product D,6,99.99,599.9399999999999
2025-01-16,ORD00498,Product D,7,149.99,1049.93
2025-01-17,ORD00330,Product B,5,99.99,499.95
2025-01-18,ORD00353,Product A,7,149.99,1049.93
2025-01-20,ORD00384,Product A,5,149.99,749.95
2025-01-21,ORD00045,Product C,6,99.99,599.9399999999999
2025-01-21,ORD00007,Product B,3,29.99,89.97
2025-01-22,ORD00308,Product D,9,99.99,899.91
2025-01-22,ORD00026,Product B,7,99.99,699.93
2025-01-23,ORD00483,Product C,1,99.99,99.99
2025-01-26,ORD00376,Product B,3,29.99,89.97
2025-01-27,ORD00317,Product C,3,29.99,89.97
2025-01-28,ORD00165,Product D,2,19.99,39.98
2025-01-28,ORD00110,Product D,7,29.99,209.92999999999998
2025-01-29,ORD00150,Product D,3,19.99,59.97
2025-02-02,ORD00115,Product A,6,99.99,599.9399999999999
2025-02-02,ORD00306,Product B,9,99.99,899.91
2025-02-04,ORD00327,Product E,5,49.99,249.95000000000002
2025-02-04,ORD00059,Product D,5,19.99,99.94999999999999
2025-02-04,ORD00124,Product E,1,49.99,49.99
2025-02-05,ORD00151,Product D,2,19.99,39.98
2025-02-05,ORD00382,Product B,4,149.99,599.96
2025-02-06,ORD00338,Product E,7,149.99,1049.93
2025-02-06,ORD00268,Product B,2,19.99,39.98
2025-02-07,ORD00311,Product B,3,99.99,299.96999999999997
2025-02-08,ORD00373,Product D,1,19.99,19.99
2025-02-08,ORD00250,Product E,2,29.99,59.98
2025-02-08,ORD00477,Product E,3,19.99,59.97
2025-02-10,ORD00091,Product D,9,19.99,179.91
2025-02-10,ORD00109,Product B,2,99.99,199.98
2025-02-11,ORD00137,Product C,8,49.99,399.92
2025-02-13,ORD00167,Product E,7,149.99,1049.93
2025-02-13,ORD00071,Product D,4,49.99,199.96
2025-02-14,ORD00161,Product A,7,29.99,209.92999999999998
2025-02-15,ORD00334,Product E,9,49.99,449.91
2025-02-16,ORD00471,Product C,6,29.99,179.94
2025-02-16,ORD00422,Product E,5,49.99,249.95000000000002
2025-02-17,ORD00453,Product C,2,149.99,299.98
2025-02-17,ORD00116,Product E,8,99.99,799.92
2025-02-18,ORD00329,Product E,7,29.99,209.92999999999998
2025-02-18,ORD00030,Product C,1,49.99,49.99
2025-02-19,ORD00062,Product E,6,19.99,119.94
2025-02-20,ORD00314,Product E,3,19.99,59.97
2025-02-20,ORD00395,Product A,8,149.99,1199.92
2025-02-20,ORD00037,Product B,5,49.99,249.95000000000002
2025-02-21,ORD00198,Product B,7,99.99,699.93
2025-02-21,ORD00143,Product C,8,99.99,799.92
2025-02-22,ORD00413,Product A,8,19.99,159.92
2025-02-22,ORD00086,Product C,5,29.99,149.95
2025-02-22,ORD00216,Product B,5,149.99,749.95
2025-02-22,ORD00055,Product A,3,29.99,89.97
2025-02-23,ORD00356,Product A,7,29.99,209.92999999999998
2025-02-23,ORD00410,Product C,6,19.99,119.94
2025-02-23,ORD00210,Product E,2,49.99,99.98
2025-02-23,ORD00065,Product E,7,49.99,349.93
2025-02-23,ORD00278,Product C,1,99.99,99.99
2025-02-24,ORD00039,Product A,1,29.99,29.99
2025-02-27,ORD00357,Product B,1,49.99,49.99
2025-02-27,ORD00437,Product D,3,49.99,149.97
2025-02-27,ORD00445,Product A,3,149.99,449.97
2025-02-27,ORD00403,Product B,9,19.99,179.91
2025-02-28,ORD00031,Product A,4,19.99,79.96
2025-03-01,ORD00263,Product D,9,99.99,899.91
2025-03-01,ORD00414,Product A,2,49.99,99.98
2025-03-03,ORD00117,Product E,9,99.99,899.91
2025-03-03,ORD00162,Product A,7,29.99,209.92999999999998
2025-03-04,ORD00398,Product D,2,149.99,299.98
2025-03-04,ORD00102,Product B,9,49.99,449.91
2025-03-04,ORD00139,Product D,7,19.99,139.92999999999998
2025-03-06,ORD00095,Product E,3,99.99,299.96999999999997
2025-03-07,ORD00159,Product D,1,29.99,29.99
2025-03-09,ORD00299,Product C,2,49.99,99.98
2025-03-10,ORD00459,Product B,9,99.99,899.91
2025-03-10,ORD00470,Product C,2,99.99,199.98
2025-03-13,ORD00005,Product D,7,149.99,1049.93
2025-03-16,ORD00282,Product E,6,29.99,179.94
2025-03-17,ORD00463,Product B,9,49.99,449.91
2025-03-22,ORD00061,Product A,8,149.99,1199.92
2025-03-22,ORD00204,Product C,4,29.99,119.96
2025-03-22,ORD00104,Product E,9,99.99,899.91
2025-03-27,ORD00157,Product D,3,29.99,89.97
2025-03-27,ORD00466,Product E,8,29.99,239.92
2025-03-29,ORD00012,Product E,9,19.99,179.91
2025-03-30,ORD00454,Product C,9,49.99,449.91
2025-03-30,ORD00049,Product E,4,49.99,199.96
2025-04-02,ORD00057,Product A,4,149.99,599.96
2025-04-02,ORD00389,Product E,7,29.99,209.92999999999998
2025-04-02,ORD00436,Product E,9,99.99,899.91
2025-04-04,ORD00472,Product A,5,19.99,99.94999999999999
2025-04-05,ORD00343,Product D,7,99.99,699.93
2025-04-06,ORD00450,Product C,9,49.99,449.91
2025-04-06,ORD00144,Product C,3,19.99,59.97
2025-04-06,ORD00193,Product D,6,19.99,119.94
2025-04-06,ORD00494,Product E,7,19.99,139.92999999999998
2025-04-07,ORD00234,Product C,2,99.99,199.98
2025-04-07,ORD00321,Product D,9,149.99,1349.91
2025-04-08,ORD00230,Product C,3,29.99,89.97
2025-04-09,ORD00289,Product B,8,19.99,159.92
2025-04-09,ORD00272,Product C,5,99.99,499.95
2025-04-09,ORD00257,Product E,6,99.99,599.9399999999999
2025-04-09,ORD00344,Product B,5,149.99,749.95
2025-04-09,ORD00120,Product B,6,99.99,599.9399999999999
2025-04-09,ORD00336,Product D,9,19.99,179.91
2025-04-10,ORD00013,Product C,1,29.99,29.99
2025-04-10,ORD00478,Product C,3,29.99,89.97
2025-04-10,ORD00488,Product A,1,49.99,49.99
2025-04-11,ORD00411,Product E,7,19.99,139.92999999999998
2025-04-11,ORD00202,Product A,3,49.99,149.97
2025-04-11,ORD00126,Product E,2,19.99,39.98
2025-04-13,ORD00417,Product D,4,49.99,199.96
2025-04-13,ORD00001,Product B,9,29.99,269.90999999999997
2025-04-13,ORD00008,Product C,6,149.99,899.94
2025-04-14,ORD00369,Product C,4,19.99,79.96
2025-04-14,ORD00284,Product C,7,29.99,209.92999999999998
2025-04-16,ORD00066,Product A,8,99.99,799.92
2025-04-16,ORD00429,Product A,8,29.99,239.92
2025-04-17,ORD00004,Product C,8,149.99,1199.92
2025-04-18,ORD00166,Product E,1,49.99,49.99
2025-04-18,ORD00415,Product E,9,99.99,899.91
2025-04-22,ORD00288,Product B,5,19.99,99.94999999999999
2025-04-22,ORD00262,Product E,2,19.99,39.98
2025-04-23,ORD00203,Product D,3,99.99,299.96999999999997
2025-04-23,ORD00283,Product B,2,49.99,99.98
2025-04-23,ORD00196,Product B,2,29.99,59.98
2025-04-23,ORD00206,Product A,2,49.99,99.98
2025-04-23,ORD00201,Product E,5,149.99,749.95
2025-04-24,ORD00362,Product E,5,29.99,149.95
2025-04-26,ORD00178,Product A,8,49.99,399.92
2025-04-26,ORD00346,Product A,9,29.99,269.90999999999997
2025-04-26,ORD00281,Product E,3,49.99,149.97
2025-04-27,ORD00440,Product D,3,49.99,149.97
2025-04-28,ORD00452,Product E,5,149.99,749.95
2025-04-30,ORD00433,Product C,6,29.99,179.94
2025-04-30,ORD00279,Product A,7,99.99,699.93
2025-05-01,ORD00177,Product D,7,99.99,699.93
2025-05-02,ORD00009,Product D,1,49.99,49.99
2025-05-02,ORD00446,Product D,3,99.99,299.96999999999997
2025-05-03,ORD00225,Product E,1,99.99,99.99
2025-05-04,ORD00236,Product A,7,149.99,1049.93
2025-05-04,ORD00428,Product D,3,149.99,449.97
2025-05-05,ORD00400,Product A,9,19.99,179.91
2025-05-06,ORD00451,Product D,4,99.99,399.96
2025-05-06,ORD00214,Product C,4,49.99,199.96
2025-05-07,ORD00366,Product B,7,19.99,139.92999999999998
2025-05-07,ORD00443,Product A,1,149.99,149.99
2025-05-08,ORD00352,Product A,4,149.99,599.96
2025-05-08,ORD00305,Product A,1,19.99,19.99
2025-05-08,ORD00249,Product E,6,149.99,899.94
2025-05-08,ORD00171,Product C,8,19.99,159.92
2025-05-09,ORD00253,Product B,9,49.99,449.91
2025-05-09,ORD00100,Product E,9,149.99,1349.91
2025-05-09,ORD00444,Product D,8,49.99,399.92
2025-05-10,ORD00208,Product E,5,19.99,99.94999999999999
2025-05-10,ORD00215,Product E,5,149.99,749.95
2025-05-11,ORD00016,Product D,2,49.99,99.98
2025-05-11,ORD00276,Product D,8,149.99,1199.92
2025-05-11,ORD00127,Product C,5,149.99,749.95
2025-05-11,ORD00042,Product E,2,99.99,199.98
2025-05-14,ORD00163,Product E,3,29.99,89.97
2025-05-15,ORD00044,Product E,1,49.99,49.99
2025-05-15,ORD00303,Product D,8,149.99,1199.92
2025-05-15,ORD00111,Product A,2,49.99,99.98
2025-05-16,ORD00101,Product B,4,149.99,599.96
2025-05-17,ORD00183,Product E,3,29.99,89.97
2025-05-19,ORD00103,Product B,5,29.99,149.95
2025-05-20,ORD00267,Product D,5,29.99,149.95
2025-05-22,ORD00387,Product A,9,49.99,449.91
2025-05-23,ORD00148,Product D,2,19.99,39.98
2025-05-23,ORD00388,Product A,9,99.99,899.91
2025-05-24,ORD00426,Product D,9,99.99,899.91
2025-05-24,ORD00465,Product A,2,99.99,199.98
2025-05-24,ORD00233,Product A,8,19.99,159.92
2025-05-24,ORD00260,Product C,6,149.99,899.94
2025-05-25,ORD00432,Product B,5,149.99,749.95
2025-05-27,ORD00493,Product E,6,29.99,179.94
2025-05-27,ORD00431,Product A,5,99.99,499.95
2025-05-27,ORD00273,Product B,4,29.99,119.96
2025-05-27,ORD00244,Product D,6,49.99,299.94
2025-05-27,ORD00325,Product C,3,19.99,59.97
2025-05-28,ORD00245,Product A,2,29.99,59.98
2025-05-28,ORD00241,Product C,2,99.99,199.98
2025-05-30,ORD00401,Product D,1,19.99,19.99
2025-05-30,ORD00017,Product C,5,49.99,249.95000000000002
2025-05-31,ORD00365,Product D,7,49.99,349.93
2025-05-31,ORD00255,Product C,7,99.99,699.93
2025-06-01,ORD00190,Product D,4,99.99,399.96
2025-06-01,ORD00277,Product E,4,19.99,79.96
2025-06-01,ORD00015,Product E,7,149.99,1049.93
2025-06-02,ORD00290,Product B,1,149.99,149.99
2025-06-02,ORD00396,Product E,2,19.99,39.98
2025-06-03,ORD00464,Product D,5,29.99,149.95
2025-06-04,ORD00367,Product E,8,99.99,799.92
2025-06-06,ORD00092,Product A,1,19.99,19.99
2025-06-07,ORD00310,Product E,3,149.99,449.97
2025-06-07,ORD00333,Product E,8,49.99,399.92
2025-06-07,ORD00430,Product C,6,19.99,119.94
2025-06-09,ORD00269,Product B,6,49.99,299.94
2025-06-09,ORD00153,Product A,6,149.99,899.94
2025-06-09,ORD00192,Product B,5,149.99,749.95
2025-06-09,ORD00219,Product A,2,19.99,39.98
2025-06-10,ORD00349,Product C,2,29.99,59.98
2025-06-10,ORD00280,Product A,8,149.99,1199.92
2025-06-10,ORD00298,Product B,9,19.99,179.91
2025-06-10,ORD00024,Product E,6,149.99,899.94
2025-06-11,ORD00072,Product A,4,19.99,79.96
2025-06-12,ORD00105,Product C,3,49.99,149.97
2025-06-12,ORD00295,Product A,4,19.99,79.96
2025-06-14,ORD00185,Product A,8,19.99,159.92
2025-06-16,ORD00047,Product D,4,99.99,399.96
2025-06-18,ORD00297,Product D,2,99.99,199.98
2025-06-19,ORD00160,Product A,8,29.99,239.92
2025-06-19,ORD00374,Product E,2,29.99,59.98
2025-06-19,ORD00032,Product B,7,99.99,699.93
2025-06-19,ORD00407,Product B,4,49.99,199.96
2025-06-20,ORD00149,Product B,1,29.99,29.99
2025-06-21,ORD00189,Product D,8,29.99,239.92
2025-06-21,ORD00121,Product C,5,149.99,749.95
2025-06-21,ORD00331,Product C,6,149.99,899.94
2025-06-21,ORD00217,Product C,6,19.99,119.94
2025-06-22,ORD00383,Product A,1,19.99,19.99
2025-06-23,ORD00360,Product A,2,29.99,59.98
2025-06-24,ORD00036,Product B,1,29.99,29.99
2025-06-25,ORD00372,Product C,2,149.99,299.98
2025-06-25,ORD00307,Product A,8,99.99,799.92
2025-06-28,ORD00138,Product E,1,19.99,19.99
2025-06-29,ORD00406,Product D,8,149.99,1199.92
2025-06-29,ORD00490,Product D,9,149.99,1349.91
2025-06-29,ORD00195,Product B,7,49.99,349.93
2025-06-30,ORD00342,Product A,6,99.99,599.9399999999999
2025-07-03,ORD00224,Product E,8,149.99,1199.92
2025-07-04,ORD00467,Product A,6,29.99,179.94
2025-07-05,ORD00397,Product B,4,49.99,199.96
2025-07-06,ORD00205,Product A,2,29.99,59.98
2025-07-06,ORD00155,Product C,2,149.99,299.98
2025-07-06,ORD00237,Product E,9,29.99,269.90999999999997
2025-07-07,ORD00345,Product B,7,99.99,699.93
2025-07-07,ORD00033,Product E,4,19.99,79.96
2025-07-07,ORD00090,Product C,7,49.99,349.93
2025-07-08,ORD00457,Product B,9,99.99,899.91
2025-07-08,ORD00006,Product D,8,99.99,799.92
2025-07-09,ORD00080,Product A,3,49.99,149.97
2025-07-09,ORD00035,Product B,9,19.99,179.91
2025-07-09,ORD00399,Product B,5,49.99,249.95000000000002
2025-07-09,ORD00174,Product D,7,99.99,699.93
2025-07-10,ORD00347,Product B,3,29.99,89.97
2025-07-10,ORD00069,Product A,1,49.99,49.99
2025-07-11,ORD00328,Product B,1,99.99,99.99
2025-07-11,ORD00458,Product E,3,149.99,449.97
2025-07-11,ORD00022,Product D,3,99.99,299.96999999999997
2025-07-13,ORD00293,Product B,3,99.99,299.96999999999997
2025-07-14,ORD00304,Product B,1,19.99,19.99
2025-07-15,ORD00418,Product C,4,49.99,199.96
2025-07-17,ORD00182,Product A,3,29.99,89.97
2025-07-17,ORD00220,Product B,5,149.99,749.95
2025-07-17,ORD00231,Product E,1,19.99,19.99
2025-07-18,ORD00247,Product E,4,99.99,399.96
2025-07-20,ORD00235,Product C,9,29.99,269.90999999999997
2025-07-20,ORD00112,Product B,2,99.99,199.98
2025-07-21,ORD00073,Product E,5,99.99,499.95
2025-07-22,ORD00223,Product C,6,99.99,599.9399999999999
2025-07-23,ORD00474,Product D,1,99.99,99.99
2025-07-25,ORD00060,Product B,4,49.99,199.96
2025-07-26,ORD00134,Product D,4,99.99,399.96
2025-07-27,ORD00083,Product A,6,49.99,299.94
2025-07-27,ORD00275,Product A,5,149.99,749.95
2025-07-27,ORD00296,Product A,1,99.99,99.99
2025-08-01,ORD00082,Product D,9,149.99,1349.91
2025-08-02,ORD00123,Product B,1,29.99,29.99
2025-08-03,ORD00010,Product A,7,19.99,139.92999999999998
2025-08-03,ORD00078,Product D,9,49.99,449.91
2025-08-03,ORD00393,Product B,1,29.99,29.99
2025-08-04,ORD00118,Product B,7,19.99,139.92999999999998
2025-08-05,ORD00088,Product E,4,29.99,119.96
2025-08-06,ORD00475,Product D,2,29.99,59.98
2025-08-06,ORD00070,Product A,8,49.99,399.92
2025-08-06,ORD00218,Product E,9,99.99,899.91
2025-08-06,ORD00130,Product D,1,49.99,49.99
2025-08-08,ORD00469,Product A,5,149.99,749.95
2025-08-08,ORD00332,Product C,6,29.99,179.94
2025-08-08,ORD00209,Product D,4,49.99,199.96
2025-08-10,ORD00481,Product D,2,99.99,199.98
2025-08-10,ORD00145,Product E,1,29.99,29.99
2025-08-11,ORD00355,Product E,2,19.99,39.98
2025-08-11,ORD00491,Product C,5,99.99,499.95
2025-08-12,ORD00212,Product E,7,29.99,209.92999999999998
2025-08-13,ORD00213,Product E,7,49.99,349.93
2025-08-13,ORD00186,Product C,2,99.99,199.98
2025-08-13,ORD00175,Product C,3,29.99,89.97
2025-08-14,ORD00318,Product C,5,149.99,749.95
2025-08-15,ORD00287,Product B,6,99.99,599.9399999999999
2025-08-15,ORD00125,Product E,6,149.99,899.94
2025-08-17,ORD00439,Product B,1,99.99,99.99
2025-08-18,ORD00312,Product E,2,29.99,59.98
2025-08-19,ORD00173,Product E,9,29.99,269.90999999999997
2025-08-19,ORD00108,Product C,6,149.99,899.94
2025-08-19,ORD00141,Product B,7,19.99,139.92999999999998
2025-08-19,ORD00146,Product E,8,29.99,239.92
2025-08-21,ORD00337,Product B,9,29.99,269.90999999999997
2025-08-21,ORD00179,Product B,6,49.99,299.94
2025-08-21,ORD00271,Product C,3,19.99,59.97
2025-08-21,ORD00194,Product D,5,149.99,749.95
2025-08-22,ORD00188,Product B,8,49.99,399.92
2025-08-24,ORD00028,Product C,8,29.99,239.92
2025-08-25,ORD00084,Product D,7,49.99,349.93
2025-08-25,ORD00147,Product B,3,99.99,299.96999999999997
2025-08-25,ORD00455,Product A,8,29.99,239.92
2025-08-26,ORD00473,Product E,5,49.99,249.95000000000002
2025-08-26,ORD00309,Product D,7,49.99,349.93
2025-08-27,ORD00448,Product B,8,99.99,799.92
2025-08-28,ORD00232,Product B,9,49.99,449.91
2025-08-29,ORD00142,Product B,3,99.99,299.96999999999997
2025-08-30,ORD00052,Product D,5,49.99,249.95000000000002
2025-08-31,ORD00156,Product E,6,99.99,599.9399999999999
2025-09-01,ORD00040,Product D,4,149.99,599.96
2025-09-03,ORD00486,Product E,3,149.99,449.97
2025-09-03,ORD00371,Product C,9,149.99,1349.91
2025-09-04,ORD00375,Product B,7,99.99,699.93
2025-09-04,ORD00221,Product B,3,29.99,89.97
2025-09-04,ORD00462,Product E,8,99.99,799.92
2025-09-07,ORD00484,Product A,6,19.99,119.94
2025-09-07,ORD00492,Product E,4,19.99,79.96
2025-09-09,ORD00079,Product E,6,99.99,599.9399999999999
2025-09-09,ORD00242,Product A,7,29.99,209.92999999999998
2025-09-09,ORD00089,Product E,6,149.99,899.94
2025-09-09,ORD00259,Product A,9,149.99,1349.91
2025-09-10,ORD00348,Product E,8,99.99,799.92
2025-09-10,ORD00027,Product E,3,99.99,299.96999999999997
2025-09-11,ORD00266,Product B,1,99.99,99.99
2025-09-11,ORD00480,Product B,8,29.99,239.92
2025-09-11,ORD00286,Product D,6,29.99,179.94
2025-09-12,ORD00226,Product A,8,99.99,799.92
2025-09-12,ORD00131,Product A,4,149.99,599.96
2025-09-13,ORD00350,Product A,7,149.99,1049.93
2025-09-14,ORD00495,Product C,5,29.99,149.95
2025-09-14,ORD00128,Product E,1,29.99,29.99
2025-09-15,ORD00019,Product A,8,19.99,159.92
2025-09-16,ORD00240,Product A,4,29.99,119.96
2025-09-16,ORD00180,Product A,9,99.99,899.91
2025-09-17,ORD00067,Product C,2,29.99,59.98
2025-09-18,ORD00107,Product C,9,99.99,899.91
2025-09-19,ORD00419,Product A,8,29.99,239.92
2025-09-20,ORD00258,Product A,5,29.99,149.95
2025-09-21,ORD00058,Product C,4,99.99,399.96
2025-09-21,ORD00315,Product C,6,149.99,899.94
2025-09-21,ORD00412,Product E,8,19.99,159.92
2025-09-21,ORD00386,Product D,8,19.99,159.92
2025-09-22,ORD00053,Product B,4,29.99,119.96
2025-09-24,ORD00254,Product B,6,29.99,179.94
2025-09-25,ORD00114,Product D,3,19.99,59.97
2025-09-25,ORD00199,Product D,1,149.99,149.99
2025-09-26,ORD00427,Product C,1,149.99,149.99
2025-09-27,ORD00074,Product C,8,99.99,799.92
2025-09-28,ORD00077,Product D,1,149.99,149.99
2025-09-28,ORD00409,Product C,5,149.99,749.95
2025-09-28,ORD00034,Product B,6,29.99,179.94
2025-09-28,ORD00003,Product D,8,29.99,239.92
2025-09-29,ORD00456,Product B,3,149.99,449.97
2025-09-30,ORD00368,Product B,1,19.99,19.99
2025-10-01,ORD00048,Product A,8,149.99,1199.92
2025-10-02,ORD00435,Product C,1,99.99,99.99
2025-10-04,ORD00319,Product A,1,19.99,19.99
2025-10-04,ORD00023,Product E,6,149.99,899.94
2025-10-04,ORD00301,Product E,9,149.99,1349.91
2025-10-05,ORD00460,Product D,2,49.99,99.98
2025-10-06,ORD00442,Product D,2,149.99,299.98
2025-10-07,ORD00087,Product B,5,99.99,499.95
2025-10-07,ORD00228,Product B,1,99.99,99.99
2025-10-07,ORD00499,Product A,5,29.99,149.95
2025-10-07,ORD00339,Product E,1,19.99,19.99
2025-10-07,ORD00361,Product C,3,19.99,59.97
2025-10-08,ORD00354,Product C,3,29.99,89.97
2025-10-10,ORD00316,Product C,2,99.99,199.98
2025-10-10,ORD00176,Product C,8,99.99,799.92
2025-10-10,ORD00133,Product E,1,19.99,19.99
2025-10-11,ORD00322,Product D,7,149.99,1049.93
2025-10-11,ORD00164,Product B,3,99.99,299.96999999999997
2025-10-11,ORD00158,Product A,4,29.99,119.96
2025-10-12,ORD00468,Product A,8,19.99,159.92
2025-10-13,ORD00169,Product E,2,49.99,99.98
2025-10-13,ORD00320,Product C,1,49.99,49.99
2025-10-15,ORD00392,Product D,1,49.99,49.99
2025-10-15,ORD00363,Product D,8,19.99,159.92
2025-10-16,ORD00300,Product A,5,149.99,749.95
2025-10-16,ORD00106,Product E,4,149.99,599.96
2025-10-16,ORD00479,Product A,8,149.99,1199.92
2025-10-17,ORD00449,Product E,9,49.99,449.91
2025-10-17,ORD00489,Product E,9,149.99,1349.91
2025-10-20,ORD00119,Product A,4,19.99,79.96
2025-10-21,ORD00021,Product C,7,99.99,699.93
2025-10-21,ORD00227,Product A,7,99.99,699.93
2025-10-22,ORD00200,Product D,7,149.99,1049.93
2025-10-23,ORD00081,Product C,8,19.99,159.92
2025-10-25,ORD00256,Product A,5,29.99,149.95
2025-10-26,ORD00370,Product C,6,49.99,299.94
2025-10-28,ORD00094,Product C,7,29.99,209.92999999999998
2025-10-29,ORD00341,Product E,5,29.99,149.95
2025-10-31,ORD00274,Product D,3,49.99,149.97
2025-10-31,ORD00265,Product A,7,19.99,139.92999999999998
2025-10-31,ORD00076,Product A,8,149.99,1199.92
2025-10-31,ORD00302,Product E,9,99.99,899.91
2025-10-31,ORD00324,Product C,8,149.99,1199.92
2025-11-01,ORD00405,Product E,9,29.99,269.90999999999997
2025-11-02,ORD00378,Product C,7,19.99,139.92999999999998
2025-11-03,ORD00043,Product B,5,49.99,249.95000000000002
2025-11-03,ORD00187,Product D,3,29.99,89.97
2025-11-04,ORD00248,Product C,9,49.99,449.91
2025-11-04,ORD00425,Product D,9,29.99,269.90999999999997
2025-11-05,ORD00018,Product A,8,29.99,239.92
2025-11-06,ORD00068,Product A,9,99.99,899.91
2025-11-06,ORD00294,Product D,3,19.99,59.97
2025-11-07,ORD00424,Product B,2,29.99,59.98
2025-11-09,ORD00381,Product D,7,19.99,139.92999999999998
2025-11-10,ORD00025,Product D,3,99.99,299.96999999999997
2025-11-10,ORD00402,Product C,5,149.99,749.95
2025-11-11,ORD00191,Product E,4,99.99,399.96
2025-11-12,ORD00380,Product E,3,19.99,59.97
2025-11-12,ORD00050,Product E,8,19.99,159.92
2025-11-13,ORD00323,Product A,1,49.99,49.99
2025-11-14,ORD00184,Product C,1,49.99,49.99
2025-11-14,ORD00197,Product D,7,49.99,349.93
2025-11-14,ORD00441,Product C,2,49.99,99.98
2025-11-15,ORD00434,Product B,7,149.99,1049.93
2025-11-16,ORD00041,Product B,6,99.99,599.9399999999999
2025-11-17,ORD00385,Product B,9,149.99,1349.91
2025-11-18,ORD00391,Product A,5,99.99,499.95
2025-11-19,ORD00351,Product B,2,19.99,39.98
2025-11-19,ORD00358,Product D,8,29.99,239.92
2025-11-20,ORD00222,Product B,4,149.99,599.96
2025-11-21,ORD00229,Product A,2,99.99,199.98
2025-11-21,ORD00496,Product C,9,29.99,269.90999999999997
2025-11-21,ORD00487,Product C,8,29.99,239.92
2025-11-22,ORD00238,Product A,6,99.99,599.9399999999999
2025-11-22,ORD00408,Product B,5,99.99,499.95
2025-11-23,ORD00097,Product E,5,99.99,499.95
2025-11-23,ORD00154,Product A,1,19.99,19.99
2025-11-24,ORD00113,Product B,1,19.99,19.99
2025-11-25,ORD00046,Product E,6,149.99,899.94
2025-11-27,ORD00011,Product A,1,19.99,19.99
2025-11-27,ORD00170,Product E,7,19.99,139.92999999999998
2025-12-02,ORD00500,Product E,7,19.99,139.92999999999998
2025-12-04,ORD00085,Product D,1,19.99,19.99
2025-12-04,ORD00292,Product C,4,49.99,199.96
2025-12-04,ORD00251,Product E,1,149.99,149.99
2025-12-06,ORD00168,Product E,7,49.99,349.93
2025-12-06,ORD00056,Product C,3,29.99,89.97
2025-12-06,ORD00285,Product C,8,149.99,1199.92
2025-12-07,ORD00476,Product B,8,149.99,1199.92
2025-12-08,ORD00404,Product A,1,99.99,99.99
2025-12-08,ORD00394,Product C,3,29.99,89.97
2025-12-08,ORD00364,Product B,7,99.99,699.93
2025-12-09,ORD00211,Product D,3,99.99,299.96999999999997
2025-12-10,ORD00020,Product B,3,29.99,89.97
2025-12-10,ORD00099,Product E,5,19.99,99.94999999999999
2025-12-11,ORD00096,Product D,8,49.99,399.92
2025-12-11,ORD00029,Product B,4,99.99,399.96
2025-12-12,ORD00261,Product E,8,149.99,1199.92
2025-12-12,ORD00136,Product D,6,49.99,299.94
2025-12-12,ORD00054,Product E,2,29.99,59.98
2025-12-12,ORD00243,Product E,5,49.99,249.95000000000002
2025-12-12,ORD00438,Product E,4,29.99,119.96
2025-12-14,ORD00172,Product D,1,19.99,19.99
2025-12-15,ORD00340,Product A,7,49.99,349.93
2025-12-15,ORD00002,Product A,2,99.99,199.98
2025-12-15,ORD00239,Product B,6,29.99,179.94
2025-12-15,ORD00291,Product C,4,99.99,399.96
2025-12-15,ORD00461,Product B,9,149.99,1349.91
2025-12-16,ORD00421,Product C,6,19.99,119.94
2025-12-17,ORD00075,Product C,5,149.99,749.95
2025-12-18,ORD00246,Product E,5,149.99,749.95
2025-12-18,ORD00140,Product C,1,99.99,99.99
2025-12-20,ORD00390,Product D,4,149.99,599.96
2025-12-21,ORD00377,Product C,2,29.99,59.98
2025-12-21,ORD00423,Product D,3,149.99,449.97
2025-12-23,ORD00482,Product C,8,99.99,799.92
2025-12-25,ORD00181,Product A,5,99.99,499.95
2025-12-25,ORD00132,Product A,9,19.99,179.91
2025-12-26,ORD00359,Product A,3,29.99,89.97
2025-12-26,ORD00122,Product B,8,149.99,1199.92
2025-12-26,ORD00014,Product C,1,99.99,99.99
2025-12-26,ORD00063,Product D,6,149.99,899.94
2025-12-26,ORD00252,Product E,5,19.99,99.94999999999999
2025-12-30,ORD00038,Product C,7,29.99,209.92999999999998
2025-12-31,ORD00313,Product B,5,29.99,149.95
2025-12-31,ORD00420,Product C,4,29.99,119.96
